{
  "timestamp": 1782670167.468945,
  "quality_signal": 0.6654467906828881,
  "coupling_score": 0.08168316831683169,
  "cycle_count": 0,
  "god_file_count": 0,
  "hotspot_count": 0,
  "complex_fn_count": 2,
  "max_depth": 4,
  "total_import_edges": 404,
  "cross_module_edges": 339
}