{
  "timestamp": 1781546624.391747,
  "quality_signal": 0.6352749188065426,
  "coupling_score": 0.04697986577181208,
  "cycle_count": 0,
  "god_file_count": 1,
  "hotspot_count": 0,
  "complex_fn_count": 9,
  "max_depth": 3,
  "total_import_edges": 149,
  "cross_module_edges": 136
}