{
  "timestamp": 1781710493.175317,
  "quality_signal": 0.6355832509035207,
  "coupling_score": 0.008849557522123894,
  "cycle_count": 0,
  "god_file_count": 1,
  "hotspot_count": 0,
  "complex_fn_count": 9,
  "max_depth": 4,
  "total_import_edges": 226,
  "cross_module_edges": 196
}