{
  "timestamp": 1782400457.181594,
  "quality_signal": 0.6477547191579378,
  "coupling_score": 0.01639344262295082,
  "cycle_count": 0,
  "god_file_count": 1,
  "hotspot_count": 0,
  "complex_fn_count": 9,
  "max_depth": 4,
  "total_import_edges": 366,
  "cross_module_edges": 302
}