{
  "timestamp": 1782650636.677813,
  "quality_signal": 0.6649605916643442,
  "coupling_score": 0.0794044665012407,
  "cycle_count": 0,
  "god_file_count": 0,
  "hotspot_count": 0,
  "complex_fn_count": 2,
  "max_depth": 4,
  "total_import_edges": 403,
  "cross_module_edges": 338
}